slide,labels,fold
feats_conch_slide/TCGA-B9-5156-01A-01-TS1_0.pkl,4,1.0
feats_conch_slide/TCGA-BQ-5887-01A-01-TS1_0.pkl,4,4.0
feats_conch_slide/TCGA-HE-7129-01A-01-BS1_0.pkl,4,2.0
feats_conch_slide/TCGA-2Z-A9JN-01A-02-TS2_0.pkl,4,4.0
feats_conch_slide/TCGA-Y8-A898-01A-01-TS1_0.pkl,4,7.0
feats_conch_slide/TCGA-Y8-A8S1-11A-01-TS1_0.pkl,4,5.0
feats_conch_slide/TCGA-B1-A47M-11A-01-TS1_0.pkl,4,7.0
feats_conch_slide/TCGA-P4-AAVO-01A-01-TSA_0.pkl,4,1.0
feats_conch_slide/TCGA-5P-A9JW-01A-01-TS1_0.pkl,4,6.0
feats_conch_slide/TCGA-B3-A6W5-11A-02-TS2_0.pkl,4,8.0
feats_conch_slide/TCGA-A4-7584-01A-01-TS1_0.pkl,4,6.0
feats_conch_slide/TCGA-BQ-7046-01A-01-TS1_0.pkl,4,9.0
feats_conch_slide/TCGA-Y8-A897-01A-01-TS1_0.pkl,4,8.0
feats_conch_slide/TCGA-UZ-A9Q1-01A-01-TSA_0.pkl,4,3.0
feats_conch_slide/TCGA-A4-7585-11A-01-TS1_0.pkl,4,6.0
feats_conch_slide/TCGA-IA-A40X-01A-01-TS1_0.pkl,4,6.0
feats_conch_slide/TCGA-DW-7840-01A-01-TS1_0.pkl,4,8.0
feats_conch_slide/TCGA-UZ-A9PP-01A-01-TSA_0.pkl,4,9.0
feats_conch_slide/TCGA-5P-A9KA-01A-01-TS1_0.pkl,4,3.0
feats_conch_slide/TCGA-P4-A5ED-11A-01-TS1_0.pkl,4,2.0
feats_conch_slide/TCGA-DW-7837-01A-01-BS1_0.pkl,4,9.0
feats_conch_slide/TCGA-G7-6795-01A-01-BS1_0.pkl,4,6.0
feats_conch_slide/TCGA-GL-A9DC-01A-01-TS1_0.pkl,4,1.0
feats_conch_slide/TCGA-BQ-7044-01A-01-TS1_0.pkl,4,1.0
feats_conch_slide/TCGA-A4-A6HP-01A-01-TS1_0.pkl,4,6.0
feats_conch_slide/TCGA-B9-A8YH-01A-01-TS1_0.pkl,4,0.0
feats_conch_slide/TCGA-A4-8516-01A-01-TS1_0.pkl,4,0.0
feats_conch_slide/TCGA-2Z-A9JM-01A-01-TS1_0.pkl,4,7.0
feats_conch_slide/TCGA-BQ-5876-11A-01-TS1_0.pkl,4,4.0
feats_conch_slide/TCGA-UZ-A9PN-01A-01-TSA_0.pkl,4,0.0
feats_conch_slide/TCGA-B3-4103-11A-01-BS1_0.pkl,4,4.0
feats_conch_slide/TCGA-BQ-7059-11A-01-TS1_0.pkl,4,2.0
feats_conch_slide/TCGA-5P-A9K0-01A-01-TS1_0.pkl,4,5.0
feats_conch_slide/TCGA-IA-A40Y-01A-01-TS1_0.pkl,4,8.0
feats_conch_slide/TCGA-PJ-A5Z8-01A-01-TSA_0.pkl,4,7.0
feats_conch_slide/TCGA-UZ-A9PR-01A-01-TSA_0.pkl,4,0.0
feats_conch_slide/TCGA-MH-A55W-01A-01-TS1_0.pkl,4,4.0
feats_conch_slide/TCGA-UZ-A9PM-01A-02-TSB_0.pkl,4,2.0
feats_conch_slide/TCGA-GL-A59T-01A-02-TS2_0.pkl,4,4.0
feats_conch_slide/TCGA-B3-3926-01A-01-BS1_0.pkl,4,4.0
feats_conch_slide/TCGA-A4-7997-01A-01-TS1_0.pkl,4,0.0
feats_conch_slide/TCGA-EV-5903-01A-01-TS1_0.pkl,4,4.0
feats_conch_slide/TCGA-DW-7836-01A-01-TS1_0.pkl,4,6.0
feats_conch_slide/TCGA-5P-A9JU-01A-01-TS1_0.pkl,4,0.0
feats_conch_slide/TCGA-A4-A5Y0-11A-01-TS1_0.pkl,4,2.0
feats_conch_slide/TCGA-GL-A4EM-01A-01-TS1_0.pkl,4,7.0
feats_conch_slide/TCGA-BQ-7045-01A-02-BS2_0.pkl,4,3.0
feats_conch_slide/TCGA-SX-A7SL-01A-01-TS1_0.pkl,4,6.0
feats_conch_slide/TCGA-AT-A5NU-01A-01-TS1_0.pkl,4,3.0
feats_conch_slide/TCGA-UZ-A9Q0-01A-01-TSA_0.pkl,4,9.0
feats_conch_slide/TCGA-5P-A9KE-01A-01-TS1_0.pkl,4,0.0
feats_conch_slide/TCGA-G7-6797-01A-01-TS1_0.pkl,4,5.0
feats_conch_slide/TCGA-BQ-7056-01A-01-TS1_0.pkl,4,8.0
feats_conch_slide/TCGA-F9-A7Q0-01A-01-TSA_0.pkl,4,8.0
feats_conch_slide/TCGA-HE-A5NF-01A-01-TSA_0.pkl,4,4.0
feats_conch_slide/TCGA-BQ-5881-01A-01-TS1_0.pkl,4,1.0
feats_conch_slide/TCGA-P4-AAVL-01A-01-TSA_0.pkl,4,6.0
feats_conch_slide/TCGA-2Z-A9JI-01A-01-TS1_0.pkl,4,5.0
feats_conch_slide/TCGA-BQ-5892-01A-01-TS1_0.pkl,4,9.0
feats_conch_slide/TCGA-5P-A9KC-01A-01-TS1_0.pkl,4,9.0
feats_conch_slide/TCGA-BQ-7058-01A-01-TS1_0.pkl,4,0.0
feats_conch_slide/TCGA-J7-6720-01A-01-TS1_0.pkl,4,2.0
feats_conch_slide/TCGA-HE-7130-01A-01-BS1_0.pkl,4,5.0
feats_conch_slide/TCGA-2Z-A9JQ-01A-01-TS1_0.pkl,4,0.0
feats_conch_slide/TCGA-SX-A7SU-01A-01-TS1_0.pkl,4,8.0
feats_conch_slide/TCGA-B1-7332-01A-01-BS1_0.pkl,4,2.0
feats_conch_slide/TCGA-5P-A9KH-01A-01-TS1_0.pkl,4,5.0
feats_conch_slide/TCGA-BQ-7061-01A-01-TS1_0.pkl,4,6.0
feats_conch_slide/TCGA-AL-3472-01A-01-BS1_0.pkl,4,6.0
feats_conch_slide/TCGA-UZ-A9PO-01A-01-TSA_0.pkl,4,2.0
feats_conch_slide/TCGA-Y8-A8RZ-01A-01-TSA_0.pkl,4,0.0
feats_conch_slide/TCGA-A4-7828-01A-01-TS1_0.pkl,4,3.0
feats_conch_slide/TCGA-G7-A8LE-01A-01-TS1_0.pkl,4,8.0
feats_conch_slide/TCGA-MH-A562-01A-01-TSA_0.pkl,4,4.0
feats_conch_slide/TCGA-5P-A9JY-01A-01-TS1_0.pkl,4,8.0
feats_conch_slide/TCGA-G7-6792-01A-01-BS1_0.pkl,4,3.0
feats_conch_slide/TCGA-SX-A7SM-01A-01-TS1_0.pkl,4,2.0
feats_conch_slide/TCGA-2Z-A9J6-01A-01-TS1_0.pkl,4,3.0
feats_conch_slide/TCGA-Q2-A5QZ-01A-01-TSA_0.pkl,4,7.0
feats_conch_slide/TCGA-P4-A5EA-11A-01-TS1_0.pkl,4,1.0
feats_conch_slide/TCGA-G7-7501-01A-01-BS1_0.pkl,4,5.0
feats_conch_slide/TCGA-5P-A9K3-01A-01-TS1_0.pkl,4,3.0
feats_conch_slide/TCGA-AL-3467-01A-01-BS1_0.pkl,4,9.0
feats_conch_slide/TCGA-G7-6796-01A-01-TS1_0.pkl,4,3.0
feats_conch_slide/TCGA-B9-4116-01A-01-BS1_0.pkl,4,7.0
feats_conch_slide/TCGA-IZ-8196-11A-01-TS1_0.pkl,4,4.0
feats_conch_slide/TCGA-IA-A83W-11A-01-TS1_0.pkl,4,4.0
feats_conch_slide/TCGA-BQ-5883-01A-01-TS1_0.pkl,4,2.0
feats_conch_slide/TCGA-2Z-A9J3-01A-01-TS1_0.pkl,4,6.0
feats_conch_slide/TCGA-V9-A7HT-01A-01-TS1_0.pkl,4,4.0
feats_conch_slide/TCGA-P4-AAVM-11A-01-TSA_0.pkl,4,8.0
feats_conch_slide/TCGA-Y8-A894-01A-01-TS1_0.pkl,4,5.0
feats_conch_slide/TCGA-BQ-5888-11A-01-TS1_0.pkl,4,9.0
feats_conch_slide/TCGA-BQ-5877-11A-01-TS1_0.pkl,4,6.0
feats_conch_slide/TCGA-UZ-A9PV-01A-01-TSA_0.pkl,4,5.0
feats_conch_slide/TCGA-BQ-7060-11A-01-TS1_0.pkl,4,6.0
feats_conch_slide/TCGA-BQ-7055-01A-01-TS1_0.pkl,4,2.0
feats_conch_slide/TCGA-2Z-A9JJ-01A-01-TS1_0.pkl,4,0.0
feats_conch_slide/TCGA-DW-5560-01A-01-TS1_0.pkl,4,2.0
feats_conch_slide/TCGA-A4-7732-11A-01-TS1_0.pkl,4,5.0
feats_conch_slide/TCGA-B9-5155-01A-01-TS1_0.pkl,4,5.0
feats_conch_slide/TCGA-A4-A5Y1-11A-01-TS1_0.pkl,4,5.0
feats_conch_slide/TCGA-SX-A7SO-01A-01-TS1_0.pkl,4,3.0
feats_conch_slide/TCGA-B9-4113-11A-01-TS1_0.pkl,4,4.0
feats_conch_slide/TCGA-2Z-A9J9-01A-01-TS1_0.pkl,4,5.0
feats_conch_slide/TCGA-DW-7839-01A-01-TS1_0.pkl,4,8.0
feats_conch_slide/TCGA-2Z-A9JO-01A-01-TS1_0.pkl,4,8.0
feats_conch_slide/TCGA-UZ-A9PS-05A-01-TSA_0.pkl,4,2.0
feats_conch_slide/TCGA-GL-A9DD-01A-01-TS1_0.pkl,4,4.0
feats_conch_slide/TCGA-DW-7963-01B-01-TS1_0.pkl,4,1.0
feats_conch_slide/TCGA-GL-A9DE-01A-01-TS1_0.pkl,4,7.0
feats_conch_slide/TCGA-F9-A4JJ-01A-01-TSA_0.pkl,4,7.0
feats_conch_slide/TCGA-BQ-5889-11A-01-TS1_0.pkl,4,8.0
feats_conch_slide/TCGA-BQ-7053-01A-01-TS1_0.pkl,4,5.0
feats_conch_slide/TCGA-IA-A40U-01A-01-TS1_0.pkl,4,9.0
feats_conch_slide/TCGA-P4-AAVK-11A-01-TSA_0.pkl,4,0.0
feats_conch_slide/TCGA-BQ-7050-01A-01-TS1_0.pkl,4,2.0
feats_conch_slide/TCGA-A4-7915-01A-01-TS1_0.pkl,4,9.0
feats_conch_slide/TCGA-SX-A71W-01A-01-TS1_0.pkl,4,9.0
feats_conch_slide/TCGA-5P-A9JV-01A-01-TS1_0.pkl,4,9.0
feats_conch_slide/TCGA-G7-A8LC-01A-01-TS1_0.pkl,4,2.0
feats_conch_slide/TCGA-F9-A7VF-01A-01-TSA_0.pkl,4,5.0
feats_conch_slide/TCGA-B1-A47O-01A-01-TSA_0.pkl,4,3.0
feats_conch_slide/TCGA-2Z-A9JT-01A-01-TS1_0.pkl,4,4.0
feats_conch_slide/TCGA-MH-A856-01A-01-TS1_0.pkl,4,8.0
feats_conch_slide/TCGA-KV-A74V-11A-01-TSA_0.pkl,4,6.0
feats_conch_slide/TCGA-B9-4117-01A-02-BS2_0.pkl,4,1.0
feats_conch_slide/TCGA-IA-A83S-01A-01-TS1_0.pkl,4,0.0
feats_conch_slide/TCGA-5P-A9K2-01A-01-TS1_0.pkl,4,1.0
feats_conch_slide/TCGA-2K-A9WE-01A-01-TS1_0.pkl,4,1.0
feats_conch_slide/TCGA-B3-3925-11A-01-BS1_0.pkl,4,4.0
feats_conch_slide/TCGA-BQ-7062-11A-01-TS1_0.pkl,4,1.0
feats_conch_slide/TCGA-GL-A59R-01A-01-TS1_0.pkl,4,3.0
feats_conch_slide/TCGA-BQ-5893-11A-01-TS1_0.pkl,4,7.0
feats_conch_slide/TCGA-SX-A7SN-01A-01-TSA_0.pkl,4,6.0
feats_conch_slide/TCGA-F9-A97G-01A-01-TSA_0.pkl,4,1.0
feats_conch_slide/TCGA-MH-A855-01A-01-TS1_0.pkl,4,7.0
feats_conch_slide/TCGA-DW-5561-01A-01-BS1_0.pkl,4,6.0
feats_conch_slide/TCGA-G7-6789-01A-01-TS1_0.pkl,4,5.0
feats_conch_slide/TCGA-4A-A93W-01A-01-TS1_0.pkl,4,0.0
feats_conch_slide/TCGA-J7-8537-01A-01-BS1_0.pkl,4,9.0
feats_conch_slide/TCGA-2Z-A9J1-01A-01-TS1_0.pkl,4,9.0
feats_conch_slide/TCGA-BQ-5875-01A-01-BS1_0.pkl,4,0.0
feats_conch_slide/TCGA-5P-A9KF-01A-01-TS1_0.pkl,4,8.0
feats_conch_slide/TCGA-P4-A5E8-11A-01-TS1_0.pkl,4,3.0
feats_conch_slide/TCGA-P4-A5E6-01A-01-TS1_0.pkl,4,7.0
feats_conch_slide/TCGA-A4-8310-01A-01-TS1_0.pkl,4,7.0
feats_conch_slide/TCGA-IZ-A6M8-01A-01-TSA_0.pkl,4,3.0
feats_conch_slide/TCGA-A4-A4ZT-01A-01-TS1_0.pkl,4,1.0
feats_conch_slide/TCGA-WN-A9G9-01A-01-TSA_0.pkl,4,2.0
feats_conch_slide/TCGA-HE-A5NJ-01A-01-TS1_0.pkl,4,6.0
feats_conch_slide/TCGA-2Z-A9JR-01A-01-TS1_0.pkl,4,5.0
feats_conch_slide/TCGA-G7-6793-01A-01-BS1_0.pkl,4,0.0
feats_conch_slide/TCGA-SX-A71V-01A-01-TS1_0.pkl,4,9.0
feats_conch_slide/TCGA-MH-A857-01A-01-TS1_0.pkl,4,8.0
feats_conch_slide/TCGA-BQ-5882-01A-01-BS1_0.pkl,4,1.0
feats_conch_slide/TCGA-A4-A48D-01A-01-TS1_0.pkl,4,7.0
feats_conch_slide/TCGA-UZ-A9PK-01A-01-TSA_0.pkl,4,0.0
feats_conch_slide/TCGA-BQ-7049-01A-01-TS1_0.pkl,4,4.0
feats_conch_slide/TCGA-F9-A8NY-01A-01-TSA_0.pkl,4,1.0
feats_conch_slide/TCGA-2Z-A9J2-01A-01-TS1_0.pkl,4,6.0
feats_conch_slide/TCGA-SX-A7SS-01A-01-TSA_0.pkl,4,7.0
feats_conch_slide/TCGA-HE-A5NH-01A-01-TS1_0.pkl,4,5.0
feats_conch_slide/TCGA-BQ-5880-01A-01-TS1_0.pkl,4,2.0
feats_conch_slide/TCGA-A4-A7UZ-01A-01-TS1_0.pkl,4,5.0
feats_conch_slide/TCGA-SX-A7SQ-01A-01-TSA_0.pkl,4,4.0
feats_conch_slide/TCGA-B9-A8YI-01A-02-TS2_0.pkl,4,9.0
feats_conch_slide/TCGA-G7-A4TM-01A-01-TS1_0.pkl,4,7.0
feats_conch_slide/TCGA-AL-3466-01A-02-BS2_0.pkl,4,2.0
feats_conch_slide/TCGA-B9-A5W9-01A-01-TS1_0.pkl,4,7.0
feats_conch_slide/TCGA-IZ-8195-11A-01-TS1_0.pkl,4,2.0
feats_conch_slide/TCGA-AL-7173-01A-01-TS1_0.pkl,4,1.0
feats_conch_slide/TCGA-B9-4115-01A-01-TS1_0.pkl,4,6.0
feats_conch_slide/TCGA-MH-A560-01A-01-TSA_0.pkl,4,5.0
feats_conch_slide/TCGA-B9-A69E-01A-01-TS1_0.pkl,4,1.0
feats_conch_slide/TCGA-Y8-A8RY-11A-01-TS1_0.pkl,4,4.0
feats_conch_slide/TCGA-BQ-7051-11A-01-TS1_0.pkl,4,5.0
feats_conch_slide/TCGA-B9-4617-01A-01-TS1_0.pkl,4,0.0
feats_conch_slide/TCGA-AL-3473-01A-01-TS1_0.pkl,4,7.0
feats_conch_slide/TCGA-SX-A71R-01A-01-TSA_0.pkl,4,7.0
feats_conch_slide/TCGA-A4-8518-01A-01-TS1_0.pkl,4,3.0
feats_conch_slide/TCGA-UZ-A9PJ-01A-01-TSA_0.pkl,4,1.0
feats_conch_slide/TCGA-A4-A5DU-01A-01-TS1_0.pkl,4,8.0
feats_conch_slide/TCGA-P4-A5EB-01A-01-TS1_0.pkl,4,1.0
feats_conch_slide/TCGA-Y8-A896-01A-01-TS1_0.pkl,4,3.0
feats_conch_slide/TCGA-5P-A9JZ-01A-01-TS1_0.pkl,4,7.0
feats_conch_slide/TCGA-BQ-7048-01A-01-TS1_0.pkl,4,5.0
feats_conch_slide/TCGA-Y8-A8S0-01A-01-TS1_0.pkl,4,1.0
feats_conch_slide/TCGA-AL-A5DJ-01A-01-TS1_0.pkl,4,5.0
feats_conch_slide/TCGA-DW-7834-01A-01-BS1_0.pkl,4,7.0
feats_conch_slide/TCGA-2Z-A9J8-01A-01-TS1_0.pkl,4,0.0
feats_conch_slide/TCGA-B9-A44B-01A-01-TS1_0.pkl,4,3.0
feats_conch_slide/TCGA-BQ-5879-01A-01-TS1_0.pkl,4,1.0
feats_conch_slide/TCGA-4A-A93Y-01A-01-TSA_0.pkl,4,4.0
feats_conch_slide/TCGA-UZ-A9PZ-01A-01-TSA_0.pkl,4,9.0
feats_conch_slide/TCGA-B9-7268-01A-01-BS1_0.pkl,4,8.0
feats_conch_slide/TCGA-WN-AB4C-01A-01-TS1_0.pkl,4,3.0
feats_conch_slide/TCGA-J7-A8I2-01A-01-TSA_0.pkl,4,1.0
feats_conch_slide/TCGA-G7-A8LB-01A-01-TS1_0.pkl,4,6.0
feats_conch_slide/TCGA-2Z-A9JE-01A-01-TS1_0.pkl,4,2.0
feats_conch_slide/TCGA-BQ-5885-01A-01-TS1_0.pkl,4,1.0
feats_conch_slide/TCGA-BQ-5878-11A-01-TS1_0.pkl,4,8.0
feats_conch_slide/TCGA-5P-A9K4-01A-01-TS1_0.pkl,4,0.0
feats_conch_slide/TCGA-SX-A7SR-01A-01-TS1_0.pkl,4,6.0
feats_conch_slide/TCGA-2Z-A9JG-01A-01-TS1_0.pkl,4,7.0
feats_conch_slide/TCGA-5P-A9K8-01A-01-TS1_0.pkl,4,8.0
feats_conch_slide/TCGA-MH-A854-01A-01-TS1_0.pkl,4,4.0
feats_conch_slide/TCGA-A4-7583-01A-01-TS1_0.pkl,4,3.0
feats_conch_slide/TCGA-BQ-5894-11A-01-TS1_0.pkl,4,3.0
feats_conch_slide/TCGA-2Z-A9JD-01A-01-TS1_0.pkl,4,9.0
feats_conch_slide/TCGA-A4-7996-01A-01-BS1_0.pkl,4,9.0
feats_conch_slide/TCGA-G7-7502-01A-01-BS1_0.pkl,4,3.0
feats_conch_slide/TCGA-IA-A83V-01A-01-TS1_0.pkl,4,0.0
feats_conch_slide/TCGA-5P-A9K6-01A-01-TS1_0.pkl,4,0.0
feats_conch_slide/TCGA-P4-A5E7-11A-01-TSA_0.pkl,4,2.0
feats_conch_slide/TCGA-BQ-5891-11A-01-TS1_0.pkl,4,8.0
feats_conch_slide/TCGA-DW-7842-01A-01-BS1_0.pkl,4,4.0
feats_conch_slide/TCGA-HE-A5NI-01A-01-TS1_0.pkl,4,0.0
feats_conch_slide/TCGA-2Z-A9J7-01A-01-TS1_0.pkl,4,6.0
feats_conch_slide/TCGA-PJ-A8JU-01A-01-TSA_0.pkl,4,2.0
feats_conch_slide/TCGA-A4-A57E-01A-01-TS1_0.pkl,4,9.0
feats_conch_slide/TCGA-A4-7734-01A-01-BS1_0.pkl,4,4.0
feats_conch_slide/TCGA-2Z-A9JK-01A-01-TS1_0.pkl,4,8.0
feats_conch_slide/TCGA-A4-A772-01A-01-TS1_0.pkl,4,9.0
feats_conch_slide/TCGA-KV-A6GE-01A-01-TSA_0.pkl,4,2.0
feats_conch_slide/TCGA-2Z-A9J5-01A-02-TS2_0.pkl,4,2.0
feats_conch_slide/TCGA-SX-A71U-01A-01-TS1_0.pkl,4,3.0
feats_conch_slide/TCGA-DW-7841-01A-01-BS1_0.pkl,4,1.0
feats_conch_slide/TCGA-G7-A8LD-01A-01-TS1_0.pkl,4,8.0
feats_conch_slide/TCGA-IA-A83T-01A-01-TS1_0.pkl,4,6.0
feats_conch_slide/TCGA-HE-7128-01A-01-TS1_0.pkl,4,8.0
feats_conch_slide/TCGA-UZ-A9PU-01A-01-TSA_0.pkl,4,7.0
feats_conch_slide/TCGA-4A-A93X-01A-01-TSA_0.pkl,4,0.0
feats_conch_slide/TCGA-B9-4114-01A-01-TS1_0.pkl,4,7.0
feats_conch_slide/TCGA-2Z-A9JP-01A-01-TS1_0.pkl,4,9.0
feats_conch_slide/TCGA-UZ-A9PL-01A-01-TSA_0.pkl,4,8.0
feats_conch_slide/TCGA-B3-4104-01A-01-TS1_0.pkl,4,6.0
feats_conch_slide/TCGA-UZ-A9PQ-01A-01-TSA_0.pkl,4,2.0
feats_conch_slide/TCGA-HE-A5NL-01A-01-TS1_0.pkl,4,8.0
feats_conch_slide/TCGA-A4-7288-11A-01-TS1_0.pkl,4,1.0
feats_conch_slide/TCGA-KV-A6GD-01A-01-TSA_0.pkl,4,3.0
feats_conch_slide/TCGA-MH-A561-01A-01-TS1_0.pkl,4,9.0
feats_conch_slide/TCGA-DW-7838-01A-01-BS1_0.pkl,4,0.0
feats_conch_slide/TCGA-G7-6790-01A-01-TS1_0.pkl,4,2.0
feats_conch_slide/TCGA-A4-8311-01A-01-TS1_0.pkl,4,7.0
feats_conch_slide/TCGA-EV-5902-01A-01-BS1_0.pkl,4,5.0
feats_conch_slide/TCGA-Y8-A895-01A-01-TS1_0.pkl,4,9.0
feats_conch_slide/TCGA-A4-8515-01A-01-TS1_0.pkl,4,6.0
feats_conch_slide/TCGA-EV-5901-01A-01-BS1_0.pkl,4,7.0
feats_conch_slide/TCGA-BQ-5890-01A-01-BS1_0.pkl,4,4.0
feats_conch_slide/TCGA-B3-8121-01A-01-BS1_0.pkl,4,1.0
feats_conch_slide/TCGA-A4-8517-01A-01-TS1_0.pkl,4,5.0
feats_conch_slide/TCGA-B9-A5W7-01A-01-TS1_0.pkl,4,8.0
feats_conch_slide/TCGA-UZ-A9PX-01A-01-TSA_0.pkl,4,9.0
feats_conch_slide/TCGA-SX-A7SP-01A-01-TSA_0.pkl,4,0.0
feats_conch_slide/TCGA-MH-A55Z-01A-01-TSA_0.pkl,4,1.0
feats_conch_slide/TCGA-B1-A47N-01A-01-TSA_0.pkl,4,5.0
feats_conch_slide/TCGA-GL-7966-01A-01-TS1_0.pkl,4,4.0
feats_conch_slide/TCGA-PJ-A5Z9-01A-01-TSA_0.pkl,4,5.0
feats_conch_slide/TCGA-BQ-5886-11A-01-TS1_0.pkl,4,3.0
feats_conch_slide/TCGA-IZ-A6M9-01A-01-TS1_0.pkl,4,3.0
feats_conch_slide/TCGA-A4-A5XZ-11A-01-TS1_0.pkl,4,7.0
feats_conch_slide/TCGA-BQ-5884-11A-01-TS1_0.pkl,4,4.0
feats_conch_slide/TCGA-HE-A5NK-01A-01-TS1_0.pkl,4,9.0
feats_conch_slide/TCGA-5P-A9K9-01A-01-TS1_0.pkl,4,0.0
feats_conch_slide/TCGA-2Z-A9JL-01A-01-TS1_0.pkl,4,6.0
feats_conch_slide/TCGA-O9-A75Z-01A-01-TS1_0.pkl,4,2.0
feats_conch_slide/TCGA-A4-8630-01A-01-TS1_0.pkl,4,3.0
feats_conch_slide/TCGA-B9-A5W8-01A-01-TS1_0.pkl,4,3.0
feats_conch_slide/TCGA-B0-5088-01A-01-TS1_1.pkl,5,5.0
feats_conch_slide/TCGA-DV-A4W0-05A-01-TSA_1.pkl,5,1.0
feats_conch_slide/TCGA-BP-4162-01A-01-TS1_1.pkl,5,7.0
feats_conch_slide/TCGA-BP-5174-11A-01-TS1_1.pkl,5,0.0
feats_conch_slide/TCGA-BP-4759-01A-01-TS1_1.pkl,5,1.0
feats_conch_slide/TCGA-BP-4352-01A-01-TS1_1.pkl,5,9.0
feats_conch_slide/TCGA-B0-4824-11A-01-TS1_1.pkl,5,7.0
feats_conch_slide/TCGA-B0-4843-11A-01-TS1_1.pkl,5,7.0
feats_conch_slide/TCGA-B8-A8YJ-01A-01-TS1_1.pkl,5,3.0
feats_conch_slide/TCGA-CJ-4638-01A-01-BS1_1.pkl,5,7.0
feats_conch_slide/TCGA-CJ-5686-01A-01-TS1_1.pkl,5,3.0
feats_conch_slide/TCGA-CJ-4869-11A-01-TS1_1.pkl,5,1.0
feats_conch_slide/TCGA-AK-3450-01A-01-BS1_1.pkl,5,9.0
feats_conch_slide/TCGA-B8-5551-01A-01-TS1_1.pkl,5,8.0
feats_conch_slide/TCGA-CJ-4908-01A-01-BS1_1.pkl,5,6.0
feats_conch_slide/TCGA-B2-3923-01B-10-BS10_1.pkl,5,7.0
feats_conch_slide/TCGA-AK-3461-01A-01-BS1_1.pkl,5,4.0
feats_conch_slide/TCGA-B0-5707-01A-01-BS1_1.pkl,5,1.0
feats_conch_slide/TCGA-A3-3374-11A-01-TS1_1.pkl,5,9.0
feats_conch_slide/TCGA-B0-4848-01A-01-TS1_1.pkl,5,1.0
feats_conch_slide/TCGA-A3-3311-01A-02-BS2_1.pkl,5,1.0
feats_conch_slide/TCGA-BP-4960-01A-01-TS1_1.pkl,5,0.0
feats_conch_slide/TCGA-DV-5575-01A-01-BS1_1.pkl,5,1.0
feats_conch_slide/TCGA-A3-3313-01A-01-TS1_1.pkl,5,4.0
feats_conch_slide/TCGA-B0-5694-01A-01-TS1_1.pkl,5,1.0
feats_conch_slide/TCGA-A3-3372-11A-01-TS1_1.pkl,5,9.0
feats_conch_slide/TCGA-B0-4694-11A-01-TS1_1.pkl,5,2.0
feats_conch_slide/TCGA-B0-4696-11A-01-TS1_1.pkl,5,9.0
feats_conch_slide/TCGA-A3-3316-11A-01-BS1_1.pkl,5,6.0
feats_conch_slide/TCGA-A3-3365-01A-01-TS1_1.pkl,5,0.0
feats_conch_slide/TCGA-B0-4823-11A-01-BS1_1.pkl,5,7.0
feats_conch_slide/TCGA-DV-5568-01A-01-TS1_1.pkl,5,6.0
feats_conch_slide/TCGA-B0-5108-11A-01-TS1_1.pkl,5,9.0
feats_conch_slide/TCGA-AK-3434-01A-02-BS2_1.pkl,5,4.0
feats_conch_slide/TCGA-B8-4148-01A-02-BS2_1.pkl,5,4.0
feats_conch_slide/TCGA-B0-4827-11A-01-BS1_1.pkl,5,7.0
feats_conch_slide/TCGA-B0-4697-11A-01-BS1_1.pkl,5,3.0
feats_conch_slide/TCGA-BP-4967-11A-01-TS1_1.pkl,5,9.0
feats_conch_slide/TCGA-B2-4099-01A-01-BS1_1.pkl,5,6.0
feats_conch_slide/TCGA-B0-4842-11A-01-BS1_1.pkl,5,0.0
feats_conch_slide/TCGA-AK-3425-01A-02-BS2_1.pkl,5,2.0
feats_conch_slide/TCGA-B4-5835-01A-01-TS1_1.pkl,5,8.0
feats_conch_slide/TCGA-BP-4158-11A-01-BS1_1.pkl,5,1.0
feats_conch_slide/TCGA-B0-5696-01A-01-BS1_1.pkl,5,6.0
feats_conch_slide/TCGA-G6-A8L7-01A-01-TSA_1.pkl,5,4.0
feats_conch_slide/TCGA-BP-4968-01A-01-TS1_1.pkl,5,4.0
feats_conch_slide/TCGA-B0-4828-01A-01-TS1_1.pkl,5,7.0
feats_conch_slide/TCGA-A3-3329-01A-01-TS1_1.pkl,5,7.0
feats_conch_slide/TCGA-CZ-4861-01A-01-BS1_1.pkl,5,6.0
feats_conch_slide/TCGA-A3-3319-01A-01-TS1_1.pkl,5,4.0
feats_conch_slide/TCGA-A3-3352-11A-01-TS1_1.pkl,5,3.0
feats_conch_slide/TCGA-CJ-4868-01A-01-TS1_1.pkl,5,7.0
feats_conch_slide/TCGA-BP-4976-01A-01-BS1_1.pkl,5,3.0
feats_conch_slide/TCGA-BP-5189-01A-01-BS1_1.pkl,5,4.0
feats_conch_slide/TCGA-AK-3444-01A-01-BS1_1.pkl,5,4.0
feats_conch_slide/TCGA-CJ-4881-01A-01-BS1_1.pkl,5,8.0
feats_conch_slide/TCGA-CJ-4923-11A-01-TS1_1.pkl,5,5.0
feats_conch_slide/TCGA-BP-5175-11A-01-TS1_1.pkl,5,4.0
feats_conch_slide/TCGA-CJ-4918-01A-01-TS1_1.pkl,5,9.0
feats_conch_slide/TCGA-B0-4706-11A-01-BS1_1.pkl,5,0.0
feats_conch_slide/TCGA-BP-4761-11A-01-TS1_1.pkl,5,4.0
feats_conch_slide/TCGA-A3-A8OV-01A-01-TS1_1.pkl,5,2.0
feats_conch_slide/TCGA-G6-A8L6-01A-01-TS1_1.pkl,5,3.0
feats_conch_slide/TCGA-CJ-6028-11A-01-TS1_1.pkl,5,1.0
feats_conch_slide/TCGA-EU-5907-01A-01-TS1_1.pkl,5,6.0
feats_conch_slide/TCGA-AK-3454-01A-01-BS1_1.pkl,5,2.0
feats_conch_slide/TCGA-BP-4337-11A-01-BS1_1.pkl,5,9.0
feats_conch_slide/TCGA-CZ-4866-11A-01-TS1_1.pkl,5,4.0
feats_conch_slide/TCGA-CJ-5681-01A-01-TS1_1.pkl,5,8.0
feats_conch_slide/TCGA-BP-5000-11A-01-TS1_1.pkl,5,4.0
feats_conch_slide/TCGA-BP-4972-01A-01-TS1_1.pkl,5,0.0
feats_conch_slide/TCGA-3Z-A93Z-01A-01-TSA_1.pkl,5,5.0
feats_conch_slide/TCGA-A3-3373-01A-01-BS1_1.pkl,5,1.0
feats_conch_slide/TCGA-BP-5169-11A-01-TS1_1.pkl,5,4.0
feats_conch_slide/TCGA-CJ-4636-01A-01-BS1_1.pkl,5,4.0
feats_conch_slide/TCGA-BP-4762-11A-01-TS1_1.pkl,5,2.0
feats_conch_slide/TCGA-EU-5904-01A-01-TS1_1.pkl,5,1.0
feats_conch_slide/TCGA-A3-3326-01A-01-BS1_1.pkl,5,6.0
feats_conch_slide/TCGA-AK-3455-01A-01-TS1_1.pkl,5,3.0
feats_conch_slide/TCGA-CZ-4854-01A-01-TS1_1.pkl,5,6.0
feats_conch_slide/TCGA-BP-5186-01A-01-TS1_1.pkl,5,4.0
feats_conch_slide/TCGA-BP-5170-01A-01-TS1_1.pkl,5,0.0
feats_conch_slide/TCGA-CZ-4865-01A-02-BS2_1.pkl,5,0.0
feats_conch_slide/TCGA-CJ-5676-11A-01-TS1_1.pkl,5,0.0
feats_conch_slide/TCGA-BP-4771-01A-01-BS1_1.pkl,5,9.0
feats_conch_slide/TCGA-BP-5184-01A-01-TS1_1.pkl,5,7.0
feats_conch_slide/TCGA-BP-5182-01A-01-TS1_1.pkl,5,8.0
feats_conch_slide/TCGA-B0-5691-01A-01-BS1_1.pkl,5,4.0
feats_conch_slide/TCGA-B0-4837-11A-01-BS1_1.pkl,5,2.0
feats_conch_slide/TCGA-B0-5812-01A-01-BS1_1.pkl,5,9.0
feats_conch_slide/TCGA-A3-3347-11A-01-TS1_1.pkl,5,2.0
feats_conch_slide/TCGA-CJ-4900-01A-01-BS1_1.pkl,5,8.0
feats_conch_slide/TCGA-BP-4807-11A-01-TS1_1.pkl,5,1.0
feats_conch_slide/TCGA-BP-4340-11A-01-TS1_1.pkl,5,1.0
feats_conch_slide/TCGA-AK-3431-01A-01-BS1_1.pkl,5,4.0
feats_conch_slide/TCGA-A3-3322-01A-01-BS1_1.pkl,5,8.0
feats_conch_slide/TCGA-BP-4803-11A-01-TS1_1.pkl,5,9.0
feats_conch_slide/TCGA-BP-4795-01A-01-BS1_1.pkl,5,3.0
feats_conch_slide/TCGA-CZ-5461-11A-01-TS1_1.pkl,5,0.0
feats_conch_slide/TCGA-CJ-4907-11A-01-TS1_1.pkl,5,5.0
feats_conch_slide/TCGA-BP-4331-11A-01-TS1_1.pkl,5,4.0
feats_conch_slide/TCGA-BP-4969-01A-01-TS1_1.pkl,5,4.0
feats_conch_slide/TCGA-B0-5706-01A-01-TS1_1.pkl,5,8.0
feats_conch_slide/TCGA-B0-5098-01A-01-TS1_1.pkl,5,9.0
feats_conch_slide/TCGA-BP-4165-11A-01-BS1_1.pkl,5,5.0
feats_conch_slide/TCGA-BP-4166-01A-01-BS1_1.pkl,5,1.0
feats_conch_slide/TCGA-AK-3440-01A-02-BS2_1.pkl,5,3.0
feats_conch_slide/TCGA-A3-3308-01A-01-TS1_1.pkl,5,8.0
feats_conch_slide/TCGA-BP-5004-11A-01-TS1_1.pkl,5,5.0
feats_conch_slide/TCGA-B0-4810-11A-01-BS1_1.pkl,5,6.0
feats_conch_slide/TCGA-CJ-4639-11A-01-TS1_1.pkl,5,1.0
feats_conch_slide/TCGA-CJ-4882-01A-02-BS2_1.pkl,5,0.0
feats_conch_slide/TCGA-BP-4169-01A-02-BS2_1.pkl,5,7.0
feats_conch_slide/TCGA-G6-A5PC-01A-01-TSA_1.pkl,5,9.0
feats_conch_slide/TCGA-B0-4712-01A-01-BS1_1.pkl,5,3.0
feats_conch_slide/TCGA-CJ-5679-01A-01-BS1_1.pkl,5,1.0
feats_conch_slide/TCGA-B0-4839-11A-01-TS1_1.pkl,5,1.0
feats_conch_slide/TCGA-B0-4814-01A-01-TS1_1.pkl,5,2.0
feats_conch_slide/TCGA-B2-3924-01A-01-TS1_1.pkl,5,7.0
feats_conch_slide/TCGA-B0-4710-11A-01-BS1_1.pkl,5,8.0
feats_conch_slide/TCGA-B0-5113-01A-01-BS1_1.pkl,5,6.0
feats_conch_slide/TCGA-BP-4758-01A-01-BS1_1.pkl,5,4.0
feats_conch_slide/TCGA-CJ-6027-01A-01-TS1_1.pkl,5,4.0
feats_conch_slide/TCGA-EU-5905-01A-01-TS1_1.pkl,5,3.0
feats_conch_slide/TCGA-CJ-4916-01A-01-BS1_1.pkl,5,5.0
feats_conch_slide/TCGA-BP-4173-01A-01-BS1_1.pkl,5,8.0
feats_conch_slide/TCGA-B0-5075-11A-01-TS1_1.pkl,5,4.0
feats_conch_slide/TCGA-A3-3376-11A-01-TS1_1.pkl,5,8.0
feats_conch_slide/TCGA-CZ-5456-01A-01-BS1_1.pkl,5,8.0
feats_conch_slide/TCGA-B0-5115-01A-01-TS1_1.pkl,5,1.0
feats_conch_slide/TCGA-A3-3383-01A-02-BS2_1.pkl,5,6.0
feats_conch_slide/TCGA-CJ-4890-11A-01-TS1_1.pkl,5,3.0
feats_conch_slide/TCGA-B0-5081-11A-01-TS1_1.pkl,5,1.0
feats_conch_slide/TCGA-BP-4338-11A-01-BS1_1.pkl,5,4.0
feats_conch_slide/TCGA-DV-5566-01A-01-TS1_1.pkl,5,2.0
feats_conch_slide/TCGA-CJ-5682-01A-01-BS1_1.pkl,5,0.0
feats_conch_slide/TCGA-BP-5196-01A-01-BS1_1.pkl,5,1.0
feats_conch_slide/TCGA-A3-3385-11A-01-TS1_1.pkl,5,7.0
feats_conch_slide/TCGA-CZ-5985-11A-01-TS1_1.pkl,5,9.0
feats_conch_slide/TCGA-A3-3336-01A-01-TS1_1.pkl,5,5.0
feats_conch_slide/TCGA-BP-4760-11A-01-TS1_1.pkl,5,2.0
feats_conch_slide/TCGA-B0-4707-01A-01-TS1_1.pkl,5,7.0
feats_conch_slide/TCGA-B0-5700-01A-01-TS1_1.pkl,5,4.0
feats_conch_slide/TCGA-CJ-6033-01A-01-TS1_1.pkl,5,6.0
feats_conch_slide/TCGA-B0-4844-01A-01-TS1_1.pkl,5,4.0
feats_conch_slide/TCGA-A3-3324-01A-01-TS1_1.pkl,5,8.0
feats_conch_slide/TCGA-CJ-4884-11A-01-TS1_1.pkl,5,2.0
feats_conch_slide/TCGA-BP-4959-01A-01-TS1_1.pkl,5,5.0
feats_conch_slide/TCGA-BP-4787-01A-01-TS1_1.pkl,5,0.0
feats_conch_slide/TCGA-A3-3320-01A-01-BS1_1.pkl,5,6.0
feats_conch_slide/TCGA-BP-4344-01A-01-BS1_1.pkl,5,4.0
feats_conch_slide/TCGA-B0-5712-01A-01-BS1_1.pkl,5,6.0
feats_conch_slide/TCGA-B2-4098-11A-01-TS1_1.pkl,5,5.0
feats_conch_slide/TCGA-B0-4819-11A-01-TS1_1.pkl,5,2.0
feats_conch_slide/TCGA-AK-3456-01A-01-TS1_1.pkl,5,6.0
feats_conch_slide/TCGA-CJ-4885-11A-01-TS1_1.pkl,5,2.0
feats_conch_slide/TCGA-BP-5181-01A-01-BS1_1.pkl,5,6.0
feats_conch_slide/TCGA-CJ-4873-01A-01-TS1_1.pkl,5,7.0
feats_conch_slide/TCGA-BP-5201-11A-01-TS1_1.pkl,5,0.0
feats_conch_slide/TCGA-B4-5378-01A-01-TS1_1.pkl,5,2.0
feats_conch_slide/TCGA-BP-5009-11A-01-TS1_1.pkl,5,5.0
feats_conch_slide/TCGA-CZ-5466-11A-01-TS1_1.pkl,5,1.0
feats_conch_slide/TCGA-B0-4811-01A-01-TS1_1.pkl,5,8.0
feats_conch_slide/TCGA-B0-5703-01A-01-BS1_1.pkl,5,9.0
feats_conch_slide/TCGA-CZ-5453-01A-01-TS1_1.pkl,5,6.0
feats_conch_slide/TCGA-BP-4346-01A-01-TS1_1.pkl,5,2.0
feats_conch_slide/TCGA-B0-4836-01A-01-TS1_1.pkl,5,0.0
feats_conch_slide/TCGA-B8-5550-01A-01-TS1_1.pkl,5,8.0
feats_conch_slide/TCGA-B2-5635-01B-03-BS3_1.pkl,5,9.0
feats_conch_slide/TCGA-B4-5836-01A-01-BS1_1.pkl,5,8.0
feats_conch_slide/TCGA-B0-4698-01A-01-BS1_1.pkl,5,6.0
feats_conch_slide/TCGA-BP-4998-01A-01-TS1_1.pkl,5,9.0
feats_conch_slide/TCGA-AK-3460-01A-02-BS2_1.pkl,5,2.0
feats_conch_slide/TCGA-BP-5194-01A-01-BS1_1.pkl,5,1.0
feats_conch_slide/TCGA-CJ-5680-01A-01-TS1_1.pkl,5,1.0
feats_conch_slide/TCGA-BP-5192-11A-01-TS1_1.pkl,5,8.0
feats_conch_slide/TCGA-CZ-5465-01A-01-BS1_1.pkl,5,0.0
feats_conch_slide/TCGA-B0-4818-11A-01-BS1_1.pkl,5,0.0
feats_conch_slide/TCGA-B0-4690-11A-01-TS1_1.pkl,5,5.0
feats_conch_slide/TCGA-B0-5095-01A-01-BS1_1.pkl,5,5.0
feats_conch_slide/TCGA-CJ-4640-01A-02-BS2_1.pkl,5,2.0
feats_conch_slide/TCGA-CZ-5469-01A-01-TS1_1.pkl,5,5.0
feats_conch_slide/TCGA-MM-A564-01A-01-TSA_1.pkl,5,4.0
feats_conch_slide/TCGA-BP-4983-11A-01-TS1_1.pkl,5,0.0
feats_conch_slide/TCGA-B0-5085-01A-01-BS1_1.pkl,5,7.0
feats_conch_slide/TCGA-B0-5705-01A-01-TS1_1.pkl,5,7.0
feats_conch_slide/TCGA-BP-4784-11A-01-TS1_1.pkl,5,9.0
feats_conch_slide/TCGA-BP-5183-11A-01-TS1_1.pkl,5,1.0
feats_conch_slide/TCGA-A3-3363-01A-01-TS1_1.pkl,5,1.0
feats_conch_slide/TCGA-B8-4621-01A-01-BS1_1.pkl,5,4.0
feats_conch_slide/TCGA-EU-5906-01A-01-BS1_1.pkl,5,8.0
feats_conch_slide/TCGA-CJ-4903-11A-01-TS1_1.pkl,5,0.0
feats_conch_slide/TCGA-CZ-4860-01A-01-BS1_1.pkl,5,5.0
feats_conch_slide/TCGA-A3-3367-01A-02-BS2_1.pkl,5,4.0
feats_conch_slide/TCGA-B0-4701-01A-01-BS1_1.pkl,5,5.0
feats_conch_slide/TCGA-CJ-6030-01A-01-BS1_1.pkl,5,7.0
feats_conch_slide/TCGA-G6-A8L8-01A-02-TSB_1.pkl,5,3.0
feats_conch_slide/TCGA-CZ-5459-11A-01-TS1_1.pkl,5,9.0
feats_conch_slide/TCGA-B0-5107-11A-01-TS1_1.pkl,5,8.0
feats_conch_slide/TCGA-CZ-5464-11A-01-TS1_1.pkl,5,8.0
feats_conch_slide/TCGA-BP-4329-11A-01-TS1_1.pkl,5,7.0
feats_conch_slide/TCGA-BP-4993-11A-01-TS1_1.pkl,5,7.0
feats_conch_slide/TCGA-BP-4765-01A-01-BS1_1.pkl,5,4.0
feats_conch_slide/TCGA-BP-5178-11A-01-TS1_1.pkl,5,5.0
feats_conch_slide/TCGA-BP-4777-11A-01-TS1_1.pkl,5,8.0
feats_conch_slide/TCGA-B4-5838-01A-01-TS1_1.pkl,5,8.0
feats_conch_slide/TCGA-B0-5121-01A-01-BS1_1.pkl,5,3.0
feats_conch_slide/TCGA-CJ-4920-01A-01-BS1_1.pkl,5,6.0
feats_conch_slide/TCGA-B2-5639-11A-01-TS1_1.pkl,5,5.0
feats_conch_slide/TCGA-CJ-5683-01A-01-BS1_1.pkl,5,4.0
feats_conch_slide/TCGA-CZ-5455-01A-01-TS1_1.pkl,5,5.0
feats_conch_slide/TCGA-B0-5702-01A-01-BS1_1.pkl,5,2.0
feats_conch_slide/TCGA-B0-5083-11A-01-TS1_1.pkl,5,8.0
feats_conch_slide/TCGA-B0-4718-01A-01-BS1_1.pkl,5,0.0
feats_conch_slide/TCGA-B0-4852-01A-01-BS1_1.pkl,5,3.0
feats_conch_slide/TCGA-B4-5832-01A-01-BS1_1.pkl,5,8.0
feats_conch_slide/TCGA-BP-4326-01A-01-BS1_1.pkl,5,3.0
feats_conch_slide/TCGA-B8-5164-01A-01-BS1_1.pkl,5,9.0
feats_conch_slide/TCGA-CJ-4637-01A-02-BS2_1.pkl,5,7.0
feats_conch_slide/TCGA-B0-4841-11A-01-BS1_1.pkl,5,6.0
feats_conch_slide/TCGA-CJ-4870-01A-01-TS1_1.pkl,5,6.0
feats_conch_slide/TCGA-BP-5168-01A-01-BS1_1.pkl,5,9.0
feats_conch_slide/TCGA-B8-4619-01A-02-BS2_1.pkl,5,2.0
feats_conch_slide/TCGA-B0-5690-01A-01-BS1_1.pkl,5,2.0
feats_conch_slide/TCGA-A3-3378-11A-01-TS1_1.pkl,5,3.0
feats_conch_slide/TCGA-BP-4343-01A-02-BS2_1.pkl,5,4.0
feats_conch_slide/TCGA-B0-4688-01A-01-TS1_1.pkl,5,4.0
feats_conch_slide/TCGA-A3-3307-01A-01-BS1_1.pkl,5,8.0
feats_conch_slide/TCGA-B8-5546-01A-01-BS1_1.pkl,5,1.0
feats_conch_slide/TCGA-BP-4766-11A-01-TS1_1.pkl,5,0.0
feats_conch_slide/TCGA-CJ-4878-11A-01-TS1_1.pkl,5,1.0
feats_conch_slide/TCGA-B2-5633-01B-04-BS4_1.pkl,5,1.0
feats_conch_slide/TCGA-CZ-4864-01A-01-TS1_1.pkl,5,7.0
feats_conch_slide/TCGA-CJ-4874-01A-01-BS1_1.pkl,5,9.0
feats_conch_slide/TCGA-BP-4781-01A-01-TS1_1.pkl,5,2.0
feats_conch_slide/TCGA-CJ-4875-01A-01-BS1_1.pkl,5,8.0
feats_conch_slide/TCGA-CJ-5678-01A-01-BS1_1.pkl,5,9.0
feats_conch_slide/TCGA-B8-5553-01A-01-BS1_1.pkl,5,5.0
feats_conch_slide/TCGA-BP-4994-11A-01-TS1_1.pkl,5,2.0
feats_conch_slide/TCGA-BP-4174-11A-01-TS1_1.pkl,5,0.0
feats_conch_slide/TCGA-CJ-4905-11A-01-TS1_1.pkl,5,0.0
feats_conch_slide/TCGA-CJ-4892-01A-01-TS1_1.pkl,5,0.0
feats_conch_slide/TCGA-BP-4170-11A-01-BS1_1.pkl,5,1.0
feats_conch_slide/TCGA-BP-4160-01A-01-BS1_1.pkl,5,3.0
feats_conch_slide/TCGA-B0-4847-01A-01-TS1_1.pkl,5,8.0
feats_conch_slide/TCGA-CJ-4634-11A-01-BS1_1.pkl,5,1.0
feats_conch_slide/TCGA-CZ-4853-11A-01-TS1_1.pkl,5,1.0
feats_conch_slide/TCGA-CZ-5468-01A-01-BS1_1.pkl,5,0.0
feats_conch_slide/TCGA-CZ-5986-11A-01-TS1_1.pkl,5,6.0
feats_conch_slide/TCGA-B0-5711-01A-01-TS1_1.pkl,5,3.0
feats_conch_slide/TCGA-CZ-4863-11A-01-BS1_1.pkl,5,3.0
feats_conch_slide/TCGA-B0-4813-01A-01-BS1_1.pkl,5,6.0
feats_conch_slide/TCGA-BP-4991-11A-01-TS1_1.pkl,5,9.0
feats_conch_slide/TCGA-BP-4345-11A-01-BS1_1.pkl,5,9.0
feats_conch_slide/TCGA-A3-3346-11A-01-TS1_1.pkl,5,7.0
feats_conch_slide/TCGA-B8-5165-01A-01-TS1_1.pkl,5,9.0
feats_conch_slide/TCGA-B0-5094-11A-01-TS1_1.pkl,5,3.0
feats_conch_slide/TCGA-BP-4341-11A-01-BS1_1.pkl,5,3.0
feats_conch_slide/TCGA-B8-4154-11A-01-BS1_1.pkl,5,3.0
feats_conch_slide/TCGA-A3-3328-01A-01-TS1_1.pkl,5,5.0
feats_conch_slide/TCGA-B0-4713-11A-01-BS1_1.pkl,5,5.0
feats_conch_slide/TCGA-BP-4768-01A-01-BS1_1.pkl,5,0.0
feats_conch_slide/TCGA-B0-4821-11A-01-BS1_1.pkl,5,8.0
feats_conch_slide/TCGA-CZ-5463-11A-01-TS1_1.pkl,5,5.0
feats_conch_slide/TCGA-A3-3380-01A-01-BS1_1.pkl,5,6.0
feats_conch_slide/TCGA-A3-3317-01A-01-BS1_1.pkl,5,6.0
feats_conch_slide/TCGA-BP-5177-11A-01-TS1_1.pkl,5,7.0
feats_conch_slide/TCGA-BP-5198-01A-01-BS1_1.pkl,5,9.0
feats_conch_slide/TCGA-CJ-4644-01A-01-BS1_1.pkl,5,6.0
feats_conch_slide/TCGA-CJ-4899-11A-01-TS1_1.pkl,5,8.0
feats_conch_slide/TCGA-BP-4995-01A-01-BS1_1.pkl,5,7.0
feats_conch_slide/TCGA-DV-5576-01A-01-BS1_1.pkl,5,0.0
feats_conch_slide/TCGA-CJ-4642-01B-02-BS2_1.pkl,5,5.0
feats_conch_slide/TCGA-B0-4691-11A-01-TS1_1.pkl,5,0.0
feats_conch_slide/TCGA-CJ-5671-01A-01-TS1_1.pkl,5,4.0
feats_conch_slide/TCGA-AK-3427-01A-01-TS1_1.pkl,5,9.0
feats_conch_slide/TCGA-BP-4789-01A-01-BS1_1.pkl,5,2.0
feats_conch_slide/TCGA-A3-3325-01A-01-TS1_1.pkl,5,7.0
feats_conch_slide/TCGA-B8-5549-11A-01-TS1_1.pkl,5,4.0
feats_conch_slide/TCGA-B0-4714-01A-01-BS1_1.pkl,5,4.0
feats_conch_slide/TCGA-CZ-5470-11A-01-TS1_1.pkl,5,9.0
feats_conch_slide/TCGA-BP-4782-01A-01-BS1_1.pkl,5,1.0
feats_conch_slide/TCGA-BP-4999-01A-01-TS1_1.pkl,5,6.0
feats_conch_slide/TCGA-BP-4327-11A-01-TS1_1.pkl,5,5.0
feats_conch_slide/TCGA-B0-5692-01A-01-BS1_1.pkl,5,8.0
feats_conch_slide/TCGA-BP-4988-11A-01-TS1_1.pkl,5,5.0
feats_conch_slide/TCGA-CZ-5451-11A-01-TS1_1.pkl,5,3.0
feats_conch_slide/TCGA-B0-5100-11A-01-TS1_1.pkl,5,1.0
feats_conch_slide/TCGA-B0-5102-01A-01-TS1_1.pkl,5,6.0
feats_conch_slide/TCGA-B0-4849-11A-01-BS1_1.pkl,5,3.0
feats_conch_slide/TCGA-AK-3428-01A-02-BS2_1.pkl,5,1.0
feats_conch_slide/TCGA-A3-3387-01A-01-BS1_1.pkl,5,7.0
feats_conch_slide/TCGA-BP-4756-01A-01-BS1_1.pkl,5,5.0
feats_conch_slide/TCGA-CJ-5684-01A-01-TS1_1.pkl,5,1.0
feats_conch_slide/TCGA-BP-5010-11A-01-TS1_1.pkl,5,8.0
feats_conch_slide/TCGA-A3-3370-11A-01-TS1_1.pkl,5,3.0
feats_conch_slide/TCGA-A3-3306-01A-01-TS1_1.pkl,5,5.0
feats_conch_slide/TCGA-CJ-4902-01A-01-TS1_1.pkl,5,4.0
feats_conch_slide/TCGA-B8-5545-01A-01-BS1_1.pkl,5,1.0
feats_conch_slide/TCGA-B8-4153-11A-01-BS1_1.pkl,5,0.0
feats_conch_slide/TCGA-A3-A8OW-01A-01-TS1_1.pkl,5,2.0
feats_conch_slide/TCGA-CZ-5982-01A-01-TS1_1.pkl,5,2.0
feats_conch_slide/TCGA-B0-4822-01A-01-BS1_1.pkl,5,1.0
feats_conch_slide/TCGA-BP-4774-01A-01-BS1_1.pkl,5,5.0
feats_conch_slide/TCGA-A3-3331-01A-01-BS1_1.pkl,5,4.0
feats_conch_slide/TCGA-BP-4992-11A-01-TS1_1.pkl,5,0.0
feats_conch_slide/TCGA-BP-4798-01A-01-BS1_1.pkl,5,2.0
feats_conch_slide/TCGA-B2-5641-11A-01-TS1_1.pkl,5,7.0
feats_conch_slide/TCGA-BP-4801-01A-01-BS1_1.pkl,5,2.0
feats_conch_slide/TCGA-CZ-5460-01A-01-BS1_1.pkl,5,7.0
feats_conch_slide/TCGA-CJ-4912-01A-01-BS1_1.pkl,5,5.0
feats_conch_slide/TCGA-BP-4351-11A-01-BS1_1.pkl,5,2.0
feats_conch_slide/TCGA-B4-5843-01A-01-TS1_1.pkl,5,4.0
feats_conch_slide/TCGA-B4-5844-01A-01-BS1_1.pkl,5,7.0
feats_conch_slide/TCGA-B8-5159-01A-01-BS1_1.pkl,5,7.0
feats_conch_slide/TCGA-DV-5567-01A-01-TS1_1.pkl,5,5.0
feats_conch_slide/TCGA-B0-4834-01A-01-TS1_1.pkl,5,2.0
feats_conch_slide/TCGA-B0-5117-01A-01-BS1_1.pkl,5,2.0
feats_conch_slide/TCGA-BP-4987-11A-01-TS1_1.pkl,5,8.0
feats_conch_slide/TCGA-B4-5834-01A-01-TS1_1.pkl,5,8.0
feats_conch_slide/TCGA-CZ-4862-11A-01-TS1_1.pkl,5,2.0
feats_conch_slide/TCGA-B8-4622-01A-02-BS2_1.pkl,5,2.0
feats_conch_slide/TCGA-BP-4776-01A-01-BS1_1.pkl,5,5.0
feats_conch_slide/TCGA-AK-3436-01A-01-BS1_1.pkl,5,2.0
feats_conch_slide/TCGA-A3-A8CQ-01A-01-TS1_1.pkl,5,6.0
feats_conch_slide/TCGA-AK-3429-01A-01-BS1_1.pkl,5,6.0
feats_conch_slide/TCGA-BP-4962-11A-01-TS1_1.pkl,5,0.0
feats_conch_slide/TCGA-B8-4151-01A-01-TS1_1.pkl,5,5.0
feats_conch_slide/TCGA-BP-5008-01A-01-TS1_1.pkl,5,3.0
feats_conch_slide/TCGA-BP-5006-01A-01-BS1_1.pkl,5,2.0
feats_conch_slide/TCGA-CZ-5467-01A-01-TS1_1.pkl,5,0.0
feats_conch_slide/TCGA-B0-5116-01A-01-BS1_1.pkl,5,2.0
feats_conch_slide/TCGA-BP-5202-01A-02-BS2_1.pkl,5,1.0
feats_conch_slide/TCGA-B0-5109-01A-01-BS1_1.pkl,5,1.0
feats_conch_slide/TCGA-B0-4817-11A-01-TS1_1.pkl,5,7.0
feats_conch_slide/TCGA-CJ-4635-01A-01-BS1_1.pkl,5,2.0
feats_conch_slide/TCGA-CJ-4895-01A-01-BS1_1.pkl,5,8.0
feats_conch_slide/TCGA-BP-4325-11A-01-TS1_1.pkl,5,5.0
feats_conch_slide/TCGA-BP-4804-01A-01-BS1_1.pkl,5,6.0
feats_conch_slide/TCGA-BP-4164-11A-01-TS1_1.pkl,5,8.0
feats_conch_slide/TCGA-B0-5710-01A-01-BS1_1.pkl,5,3.0
feats_conch_slide/TCGA-B2-4102-01A-01-BS1_1.pkl,5,6.0
feats_conch_slide/TCGA-B0-4699-01A-01-BS1_1.pkl,5,7.0
feats_conch_slide/TCGA-B0-5099-01A-01-BS1_1.pkl,5,7.0
feats_conch_slide/TCGA-CJ-6032-11A-01-TS1_1.pkl,5,6.0
feats_conch_slide/TCGA-B0-5709-01A-01-BS1_1.pkl,5,3.0
feats_conch_slide/TCGA-AK-3445-01A-01-BS1_1.pkl,5,2.0
feats_conch_slide/TCGA-BP-4970-11A-01-TS1_1.pkl,5,3.0
feats_conch_slide/TCGA-A3-3335-01A-01-TS1_1.pkl,5,1.0
feats_conch_slide/TCGA-BP-4342-01A-01-BS1_1.pkl,5,3.0
feats_conch_slide/TCGA-CJ-4886-01A-01-BS1_1.pkl,5,9.0
feats_conch_slide/TCGA-BP-4963-01A-01-TS1_1.pkl,5,8.0
feats_conch_slide/TCGA-CJ-4897-11A-01-TS1_1.pkl,5,7.0
feats_conch_slide/TCGA-BP-4775-11A-01-TS1_1.pkl,5,4.0
feats_conch_slide/TCGA-BP-4985-01A-01-BS1_1.pkl,5,9.0
feats_conch_slide/TCGA-A3-A8OX-01A-01-TS1_1.pkl,5,6.0
feats_conch_slide/TCGA-BP-4770-11A-01-TS1_1.pkl,5,7.0
feats_conch_slide/TCGA-CZ-5458-01A-01-BS1_1.pkl,5,1.0
feats_conch_slide/TCGA-BP-5173-11A-01-TS1_1.pkl,5,2.0
feats_conch_slide/TCGA-CJ-4887-01A-01-TS1_1.pkl,5,2.0
feats_conch_slide/TCGA-AK-3426-01A-02-BS2_1.pkl,5,8.0
feats_conch_slide/TCGA-BP-5180-11A-01-TS1_1.pkl,5,6.0
feats_conch_slide/TCGA-B0-5120-01A-01-BS1_1.pkl,5,0.0
feats_conch_slide/TCGA-DV-5573-01A-01-TS1_1.pkl,5,3.0
feats_conch_slide/TCGA-B0-5699-11A-01-TS1_1.pkl,5,0.0
feats_conch_slide/TCGA-B0-5713-01A-01-TS1_1.pkl,5,6.0
feats_conch_slide/TCGA-B8-4146-01B-01-BS1_1.pkl,5,6.0
feats_conch_slide/TCGA-BP-4977-11A-01-TS1_1.pkl,5,0.0
feats_conch_slide/TCGA-BP-4986-01A-01-TS1_1.pkl,5,6.0
feats_conch_slide/TCGA-BP-4973-01A-01-BS1_1.pkl,5,7.0
feats_conch_slide/TCGA-CJ-4641-01A-01-TS1_1.pkl,5,0.0
feats_conch_slide/TCGA-BP-4981-11A-01-TS1_1.pkl,5,5.0
feats_conch_slide/TCGA-CJ-5675-11A-01-TS1_1.pkl,5,3.0
feats_conch_slide/TCGA-B0-5096-01A-01-BS1_1.pkl,5,0.0
feats_conch_slide/TCGA-B0-4845-11A-01-TS1_1.pkl,5,9.0
feats_conch_slide/TCGA-B2-4101-11A-01-BS1_1.pkl,5,5.0
feats_conch_slide/TCGA-CJ-4894-11A-01-TS1_1.pkl,5,6.0
feats_conch_slide/TCGA-CJ-4891-11A-01-TS1_1.pkl,5,9.0
feats_conch_slide/TCGA-BP-4961-11A-01-TS1_1.pkl,5,5.0
feats_conch_slide/TCGA-CJ-5677-01A-01-BS1_1.pkl,5,3.0
feats_conch_slide/TCGA-B0-5698-01A-01-TS1_1.pkl,5,2.0
feats_conch_slide/TCGA-BP-5199-01A-01-TS1_1.pkl,5,3.0
feats_conch_slide/TCGA-BP-5185-01A-01-TS1_1.pkl,5,6.0
feats_conch_slide/TCGA-6D-AA2E-01A-01-TSA_1.pkl,5,5.0
feats_conch_slide/TCGA-BP-5195-01A-02-BS2_1.pkl,5,2.0
feats_conch_slide/TCGA-B8-5163-01A-01-TS1_1.pkl,5,9.0
feats_conch_slide/TCGA-A3-3343-01A-01-TS1_1.pkl,5,3.0
feats_conch_slide/TCGA-B0-5092-01A-01-TS1_1.pkl,5,7.0
feats_conch_slide/TCGA-CZ-4857-01A-01-BS1_1.pkl,5,8.0
feats_conch_slide/TCGA-B0-4703-01A-01-TS1_1.pkl,5,1.0
feats_conch_slide/TCGA-B8-5162-01A-01-TS1_1.pkl,5,1.0
feats_conch_slide/TCGA-CJ-4893-11A-01-TS1_1.pkl,5,4.0
feats_conch_slide/TCGA-BP-4974-11A-01-TS1_1.pkl,5,5.0
feats_conch_slide/TCGA-BP-5001-01A-01-TS1_1.pkl,5,0.0
feats_conch_slide/TCGA-AK-3443-01A-01-TS1_1.pkl,5,9.0
feats_conch_slide/TCGA-B0-5402-01A-01-BS1_1.pkl,5,6.0
feats_conch_slide/TCGA-AK-3447-01A-01-BS1_1.pkl,5,5.0
feats_conch_slide/TCGA-AK-3458-01A-01-BS1_1.pkl,5,9.0
feats_conch_slide/TCGA-BP-4354-11A-01-BS1_1.pkl,5,5.0
feats_conch_slide/TCGA-BP-4975-01A-01-BS1_1.pkl,5,3.0
feats_conch_slide/TCGA-B0-4846-11A-01-BS1_1.pkl,5,9.0
feats_conch_slide/TCGA-BP-4161-01A-02-BS2_1.pkl,5,3.0
feats_conch_slide/TCGA-B0-5693-01A-01-TS1_1.pkl,5,8.0
feats_conch_slide/TCGA-BP-4964-01A-01-TS1_1.pkl,5,1.0
feats_conch_slide/TCGA-CJ-4871-01A-01-BS1_1.pkl,5,3.0
feats_conch_slide/TCGA-BP-4989-01A-01-TS1_1.pkl,5,6.0
feats_conch_slide/TCGA-CZ-4859-11A-01-BS1_1.pkl,5,9.0
feats_conch_slide/TCGA-BP-4769-01A-01-TS1_1.pkl,5,5.0
feats_conch_slide/TCGA-BP-4797-01A-01-BS1_1.pkl,5,0.0
feats_conch_slide/TCGA-T7-A92I-01A-01-TS1_1.pkl,5,4.0
feats_conch_slide/TCGA-B0-4693-01A-01-BS1_1.pkl,5,7.0
feats_conch_slide/TCGA-B8-4143-11A-01-TS1_1.pkl,5,9.0
feats_conch_slide/TCGA-B0-5697-01A-01-BS1_1.pkl,5,0.0
feats_conch_slide/TCGA-CJ-4876-01A-01-BS1_1.pkl,5,7.0
feats_conch_slide/TCGA-CZ-5462-01A-01-BS1_1.pkl,5,0.0
feats_conch_slide/TCGA-BP-4763-11A-01-TS1_1.pkl,5,9.0
feats_conch_slide/TCGA-A3-3382-11A-01-TS1_1.pkl,5,4.0
feats_conch_slide/TCGA-BP-4971-01A-01-TS1_1.pkl,5,3.0
feats_conch_slide/TCGA-B0-4700-11A-01-BS1_1.pkl,5,0.0
feats_conch_slide/TCGA-AS-3777-01A-01-TS1_1.pkl,5,0.0
feats_conch_slide/TCGA-CJ-4901-01A-01-TS1_1.pkl,5,3.0
feats_conch_slide/TCGA-B0-4833-01A-01-TS1_1.pkl,5,0.0
feats_conch_slide/TCGA-A3-3359-11A-01-TS1_1.pkl,5,0.0
feats_conch_slide/TCGA-A3-3323-01A-02-BS2_1.pkl,5,2.0
feats_conch_slide/TCGA-BP-5007-11A-01-TS1_1.pkl,5,9.0
feats_conch_slide/TCGA-B8-5552-11A-01-TS1_1.pkl,5,6.0
feats_conch_slide/TCGA-BP-4334-11A-01-BS1_1.pkl,5,7.0
feats_conch_slide/TCGA-BP-4799-01A-01-BS1_1.pkl,5,5.0
feats_conch_slide/TCGA-B8-5158-01A-01-TS1_1.pkl,5,1.0
feats_conch_slide/TCGA-BP-4167-01A-01-TS1_1.pkl,5,5.0
feats_conch_slide/TCGA-BP-4163-01A-01-BS1_1.pkl,5,9.0
feats_conch_slide/TCGA-B0-5106-01A-01-TS1_1.pkl,5,4.0
feats_conch_slide/TCGA-CJ-5689-01A-01-BS1_1.pkl,5,0.0
feats_conch_slide/TCGA-BP-4332-11A-01-BS1_1.pkl,5,5.0
feats_conch_slide/TCGA-B0-5084-01A-01-BS1_1.pkl,5,5.0
feats_conch_slide/TCGA-CZ-5452-11A-01-TS1_1.pkl,5,1.0
feats_conch_slide/TCGA-CZ-5984-11A-01-TS1_1.pkl,5,7.0
feats_conch_slide/TCGA-DV-5574-01A-01-TS1_1.pkl,5,4.0
feats_conch_slide/TCGA-CJ-4904-01A-02-BS2_1.pkl,5,0.0
feats_conch_slide/TCGA-BP-4965-11A-01-TS1_1.pkl,5,3.0
feats_conch_slide/TCGA-B2-5636-11A-01-TS1_1.pkl,5,4.0
feats_conch_slide/TCGA-BP-4335-01A-01-TS1_1.pkl,5,0.0
feats_conch_slide/TCGA-B8-4620-01A-01-TS1_1.pkl,5,7.0
feats_conch_slide/TCGA-A3-3351-01A-01-TS1_1.pkl,5,7.0
feats_conch_slide/TCGA-BP-4355-01A-01-TS1_1.pkl,5,9.0
feats_conch_slide/TCGA-CJ-5672-01A-01-BS1_1.pkl,5,3.0
feats_conch_slide/TCGA-DV-A4VX-01A-01-TSA_1.pkl,5,0.0
feats_conch_slide/TCGA-B0-4838-01A-01-TS1_1.pkl,5,2.0
feats_conch_slide/TCGA-CZ-5457-01A-01-TS1_1.pkl,5,8.0
feats_conch_slide/TCGA-CZ-4858-01A-01-BS1_1.pkl,5,3.0
feats_conch_slide/TCGA-CJ-4643-11A-01-TS1_1.pkl,5,2.0
feats_conch_slide/TCGA-B0-4945-11A-01-TS1_1.pkl,5,8.0
feats_conch_slide/TCGA-BP-5200-01A-01-BS1_1.pkl,5,9.0
feats_conch_slide/TCGA-BP-5187-01A-01-BS1_1.pkl,5,8.0
feats_conch_slide/TCGA-CZ-5454-01A-01-TS1_1.pkl,5,6.0
feats_conch_slide/TCGA-CZ-5988-01A-01-BS1_1.pkl,5,5.0
feats_conch_slide/TCGA-B8-A7U6-01A-01-TS1_1.pkl,5,8.0
feats_conch_slide/TCGA-CJ-6031-11A-01-TS1_1.pkl,5,5.0
feats_conch_slide/TCGA-CJ-4888-01A-01-TS1_1.pkl,5,1.0
feats_conch_slide/TCGA-A3-A8OU-01A-01-TS1_1.pkl,5,9.0
feats_conch_slide/TCGA-B0-5110-11A-01-TS1_1.pkl,5,3.0
feats_conch_slide/TCGA-CJ-4913-01A-01-TS1_1.pkl,5,9.0
feats_conch_slide/TCGA-CZ-5987-11A-01-TS1_1.pkl,5,4.0
feats_conch_slide/TCGA-B0-5080-11A-01-TS1_1.pkl,5,3.0
feats_conch_slide/TCGA-DV-5565-01A-01-BS1_1.pkl,5,6.0
feats_conch_slide/TCGA-B0-5399-01A-01-TS1_1.pkl,5,3.0
feats_conch_slide/TCGA-BP-4349-11A-01-BS1_1.pkl,5,6.0
feats_conch_slide/TCGA-BP-4159-11A-01-TS1_1.pkl,5,7.0
feats_conch_slide/TCGA-CJ-4889-01A-01-BS1_1.pkl,5,7.0
feats_conch_slide/TCGA-BP-4353-01A-01-BS1_1.pkl,5,8.0
feats_conch_slide/TCGA-AK-3451-01A-01-BS1_1.pkl,5,7.0
feats_conch_slide/TCGA-BP-4982-11A-01-TS1_1.pkl,5,3.0
feats_conch_slide/TCGA-B0-5104-01A-01-BS1_1.pkl,5,2.0
feats_conch_slide/TCGA-B0-5695-11A-01-TS1_1.pkl,5,9.0
feats_conch_slide/TCGA-DV-5569-01A-01-TS1_1.pkl,5,2.0
feats_conch_slide/TCGA-B2-A4SR-11A-01-TS1_1.pkl,5,4.0
feats_conch_slide/TCGA-CZ-4856-01A-02-BS2_1.pkl,5,5.0
feats_conch_slide/TCGA-AK-3453-01A-01-BS1_1.pkl,5,6.0
feats_conch_slide/TCGA-AK-3433-01A-02-BS2_1.pkl,5,2.0
feats_conch_slide/TCGA-BP-4330-11A-01-BS1_1.pkl,5,8.0
feats_conch_slide/TCGA-MM-A563-01A-01-TSA_1.pkl,5,8.0
feats_conch_slide/TCGA-B0-5119-01A-02-BS2_1.pkl,5,9.0
feats_conch_slide/TCGA-DV-A4VZ-01A-01-TS1_1.pkl,5,2.0
feats_conch_slide/TCGA-B0-4815-11A-01-BS1_1.pkl,5,1.0
feats_conch_slide/TCGA-BP-4176-01A-01-BS1_1.pkl,5,2.0
feats_conch_slide/TCGA-BP-5190-11A-01-TS1_1.pkl,5,8.0
feats_conch_slide/TCGA-BP-4790-01A-01-BS1_1.pkl,5,3.0
